day_of_month,day_of_week,incident_date,incident_duration,incident_id,incident_location_x,incident_location_y,incident_severity,incident_source_type,incident_subtype,incident_type,lanes_affected,month_of_year,personal_injury,sector_id,time_of_day,traffic_direction,latitude,longtitude,description
1,6,1-Jan-11,51.7944843043,1,9671639,4428552,4,0,0,B,1,1,0,CHARLIE,324,4,-33.84124742,151.2106896,"Alien spaceship landed <i>on my car</i>.  Not only was I late for my appointment at the dentist, but I found that one of the feet of the spaceship had scratched the duco on my recently restored <a href='http://en.wikipedia.org/wiki/Ford_Mustang' target='_blank'>Mustang</a>.  I mean, it's all very well to want to destroy someone else's planet, but scratching someones paintwork is just wrong!"
1,6,1-Jan-11,144.4325164985,2,9701320,4450840,4,0,F,H,4,1,0,BRAVO,632,3,-33.91752365,151.2117146,Insect flew into my eye while driving
1,6,1-Jan-11,146.4028599486,3,9689172,4459104,1,0,D,H,1,1,0,BRAVO,928,1,-33.85679904,151.0706596,Bad case of hiccups
1,6,1-Jan-11,75.9404978063,4,9688605,4465111,1,0,T,B,4,1,0,BRAVO,824,1,-28.84199048,153.535198,Car spontaneously combusted
1,6,1-Jan-11,48.9739217516,5,9692267,4471938,3,0,C,B,4,1,0,CWT,1433,1,-33.85540262,151.2087002,Wheels fell off
2,7,2-Jan-11,88.6171405576,6,9681119,4422716,1,0,T,B,1,1,0,ALPHA,758,4,-33.87397872,151.2030693,Car tried to immitate boat
2,7,2-Jan-11,197.3778805137,7,9686871,4416607,1,0,0,H,4,1,0,ALPHA,889,3,-33.42973757,151.2920988,Tried to drive through cliff wall
2,7,2-Jan-11,144.0558443312,8,9683656,4426492,2,0,B,B,1,1,0,ECHO,750,3,-33.89085873,151.210284,Thought I was driving a military tank
2,7,2-Jan-11,59.1444052104,9,9677361,4447455,3,0,0,H,4,1,0,BRAVO,231,3,-32.89521992,151.5855198,Should have stayed at the pub
2,7,2-Jan-11,161.5435956512,10,9680833,4440545,4,0,C,B,1,1,1,BRAVO,357,3,-33.8862724,151.20245,Should have bought a flying car
3,1,3-Jan-11,30.0908407941,11,9686451,4432989,4,0,0,B,1,1,0,BRAVO,841,3,-33.7486066,150.6134271,Hands got stuck to steering wheel
3,1,3-Jan-11,101.4206403121,12,9676245,4436285,3,0,D,H,1,1,0,CHARLIE,725,2,-33.86626348,151.2147029,Aeroplane crashed into car
3,1,3-Jan-11,157.823219616,13,9677943,4424497,2,0,C,B,1,1,0,CHARLIE,1311,6,-33.94592466,150.9745837,Cyclone blew car off road
3,1,3-Jan-11,133.5366427712,14,9636878,4437338,2,0,D,H,4,1,0,CHARLIE,299,1,-33.54853687,151.1955229,I wonder if anyone is reading these
3,1,3-Jan-11,33.0228524003,15,9513351,4324124,2,0,D,H,4,1,0,DELTA,969,3,-33.43388143,151.2576894,I'm starting to feel hungry
3,1,3-Jan-11,85.9112280235,16,9666086,4430678,1,0,0,H,1,1,0,CHARLIE,867,1,-34.05703674,150.7963835,What time is it
3,1,3-Jan-11,87.7549573779,17,9671390,4428288,1,0,D,H,4,1,0,CHARLIE,685,5,-33.71971,151.2170041,Oh it's nearly time to go home
3,1,3-Jan-11,23.313820539,18,9686614,4415266,1,0,C,A,1,1,0,ECHO,1210,1,-33.82204975,151.2057909,
4,2,4-Jan-11,56.2845847569,19,9656449,4432735,2,0,A,H,4,1,0,CHARLIE,1075,3,-33.80890509,151.0135322,
4,2,4-Jan-11,41.170762172,20,9674331,4426692,2,0,C,B,,1,0,CHARLIE,768,4,-33.84124742,151.2106896,
4,2,4-Jan-11,24.7654239275,21,9708024,4482978,2,0,D,H,1,1,0,BRAVO,780,2,-33.9402473,151.0931333,
4,2,4-Jan-11,92.6092691254,22,9740801,4525988,1,0,F,H,1,1,0,BRAVO,1055,4,-33.84607989,151.0492277,
4,2,4-Jan-11,117.173986854,23,9689271,4426637,1,0,O,H,4,1,0,SHB,888,3,-32.93825598,151.5466224,
4,2,4-Jan-11,82.9643858969,24,9689466,4425619,4,0,C,B,1,1,0,SHB,1120,3,-33.94484792,151.1631613,
4,2,4-Jan-11,164.1910875775,25,9737539,4538269,1,0,D,H,1,1,1,BRAVO,1040,2,-33.86258125,150.9917909,
4,2,4-Jan-11,152.3068596423,26,9642849,4434756,4,0,C,B,1,1,0,CHARLIE,750,4,-33.78390503,150.7058852,
4,2,4-Jan-11,23.1093434244,27,9675524,4422121,1,0,C,B,1,1,0,ALPHA,705,1,-33.94482365,151.1869223,
5,3,5-Jan-11,123.2396834344,28,9683163,4427118,4,0,0,H,1,1,0,BRAVO,820,1,-31.56076239,152.7405228,
5,3,5-Jan-11,125.457801139,29,9689271,4426637,1,0,B,A,1,1,0,SHB,1001,3,-33.87015981,151.1890274,
5,3,5-Jan-11,45.9262144007,30,9696713,4471740,3,0,T,B,1,1,0,BRAVO,733,4,-33.84124742,151.2106896,
5,3,5-Jan-11,127.0241226908,31,9677979,4416106,3,0,T,B,1,1,0,ECHO,1169,4,-33.80918493,151.1578494,
5,3,5-Jan-11,183.2979903277,32,9673543,4416142,4,0,D,H,1,1,0,DELTA,885,6,-33.54337192,150.4256748,
5,3,5-Jan-11,122.1811869461,33,9689071,4416706,4,0,C,B,1,1,0,ECHO,846,1,-33.88913054,151.2173582,
5,3,5-Jan-11,28.936897479,34,9938656,4987574,4,0,T,H,4,1,0,BRAVO,1426,2,-33.62211273,151.155983,
5,3,5-Jan-11,65.8661292959,35,9689465,4424729,1,0,B,B,1,1,0,SHB,1367,4,-33.93085966,151.2128583,
5,3,5-Jan-11,43.7242782954,36,9671330,4432410,2,0,0,H,4,1,0,CHARLIE,612,3,-33.87177976,151.1929704,
5,3,5-Jan-11,139.8955624644,37,9689172,4459104,3,0,0,B,4,1,0,BRAVO,1030,3,-34.06659678,150.9964647,
5,3,5-Jan-11,72.7748577483,38,9592597,4464730,1,0,D,H,4,1,0,CHARLIE,701,5,-33.71959917,151.1094755,
5,3,5-Jan-11,132.9986609612,39,9689271,4426637,3,0,T,B,1,1,0,SHB,775,1,-33.90694045,151.034795,
5,3,5-Jan-11,193.3879413828,40,9687705,4421487,2,0,0,H,4,1,0,CBD,437,1,-33.42966906,151.2427053,
5,3,5-Jan-11,160.2472253609,41,9688421,4423041,3,0,C,B,1,1,0,ECHO,943,4,-33.83024631,151.0193628,
5,3,5-Jan-11,71.4716769941,42,9682738,4447097,4,0,0,H,,1,0,BRAVO,1196,4,-33.65779566,151.0732178,
6,4,6-Jan-11,179.4223010633,43,9687498,4423322,4,0,F,H,1,1,0,SHB,717,1,-33.45288572,151.209039,
6,4,6-Jan-11,124.2891319096,44,9689172,4459104,2,0,C,B,,1,0,BRAVO,933,1,-33.83817459,151.0353657,
6,4,6-Jan-11,31.4876868017,45,9712565,4494239,3,0,C,B,4,1,0,BRAVO,522,5,-33.52844533,150.1532894,
6,4,6-Jan-11,43.3607558254,46,9662145,4431678,3,0,A,H,4,1,0,CHARLIE,644,3,-33.86544827,151.0931473,
6,4,6-Jan-11,62.0527888183,47,9666508,4430335,1,0,0,B,5,1,0,CHARLIE,711,4,-33.83271319,151.0167822,
6,4,6-Jan-11,133.2908895612,48,9717649,4511151,4,0,D,H,6,1,0,BRAVO,34,1,-33.75890966,151.0658742,
6,4,6-Jan-11,193.2705571875,49,9677953,4427629,3,0,0,H,1,1,0,ALPHA,1323,1,-33.88824959,151.196005,
6,4,6-Jan-11,133.2818525285,50,9667834,4416436,2,0,D,H,4,1,0,DELTA,888,4,-33.54853687,151.1955229,
6,4,6-Jan-11,81.7880948354,51,9686615,4415256,3,0,C,B,1,1,0,ECHO,945,1,-33.79556572,151.0144215,
6,4,6-Jan-11,64.4569258485,52,9671813,4429107,2,0,T,B,1,1,0,CHARLIE,768,4,-33.54853687,151.1955229,
6,4,6-Jan-11,173.3731548861,53,9674751,4437607,3,0,C,B,1,1,0,CHARLIE,572,1,-34.81537863,149.3334366,
6,4,6-Jan-11,179.7094959114,54,9689032,4424429,1,0,U,B,4,1,0,SHB,731,4,-33.86957619,151.1754126,
6,4,6-Jan-11,40.0858626887,55,9650118,4404206,2,0,T,B,4,1,0,DELTA,468,1,-33.93537989,151.2033045,
6,4,6-Jan-11,162.2409141716,56,9689101,4435097,1,0,0,H,4,1,0,ECHO,640,3,-33.8524938,150.9960585,
6,4,6-Jan-11,136.3490760513,57,9644532,4441240,3,0,D,H,4,1,0,CHARLIE,1020,2,-33.61857965,151.3300292,
6,4,6-Jan-11,119.3848189246,58,9668954,4425069,2,0,U,H,4,1,0,CHARLIE,850,1,-33.87274699,151.1381269,
6,4,6-Jan-11,147.9123124667,59,9724662,4525299,2,0,D,H,4,1,1,BRAVO,710,3,-33.62211273,151.155983,
6,4,6-Jan-11,172.4909344316,60,9689673,4421310,3,0,C,B,1,1,0,CBD,1078,2,-33.93653115,151.1227416,
7,5,7-Jan-11,107.2702629119,61,9680449,4440480,1,0,0,B,4,1,0,BRAVO,583,4,-33.94080958,150.9832449,
7,5,7-Jan-11,115.5174326058,62,9689025,4418187,4,0,C,B,1,1,0,ECHO,747,1,-33.71887672,151.1135914,
7,5,7-Jan-11,155.446027806,63,9671191,4430936,3,0,T,B,1,1,0,CHARLIE,750,1,-34.30908038,150.9015136,
7,5,7-Jan-11,64.5927329641,64,9724662,4525299,2,0,D,H,1,1,0,BRAVO,1184,6,-33.77991244,151.1339802,
6,4,6-Jan-11,33.8272122666,65,9689590,4460421,4,0,T,B,1,1,0,BRAVO,548,3,-33.82763259,150.9958057,
7,5,7-Jan-11,166.9646275695,66,9667013,4415900,2,0,D,H,2,1,0,DELTA,386,6,-33.53108554,151.200412,
7,5,7-Jan-11,129.084241353,67,9690852,4469644,1,0,0,B,4,1,0,BRAVO,489,2,-33.78499632,151.1774725,
7,5,7-Jan-11,152.5248012785,68,9689172,4459104,2,0,0,B,5,1,0,BRAVO,584,1,-33.89629597,151.2161675,
7,5,7-Jan-11,164.9971419293,69,9672307,4428098,3,0,0,H,,1,0,CHARLIE,547,3,-33.86947138,151.1100946,
7,5,7-Jan-11,104.1158814263,70,9685182,4451104,4,0,T,B,,1,0,BRAVO,959,4,-33.79769078,150.8535635,
7,5,7-Jan-11,41.5514180064,71,9688904,4428781,2,0,C,B,,1,0,SHB,509,3,-33.42835218,151.2264515,
7,5,7-Jan-11,21.7564574815,72,9689703,4461018,4,0,0,H,4,1,0,BRAVO,1028,1,-33.92926916,150.9855224,
7,5,7-Jan-11,157.8678514063,73,9689531,4420521,3,0,C,B,1,1,0,CBD,866,1,-33.81593738,150.9631922,
7,5,7-Jan-11,67.8343725763,74,9682738,4447097,2,0,0,H,,1,0,BRAVO,771,4,-33.77663416,151.0567842,
7,5,7-Jan-11,192.0664442424,75,9686260,4429995,1,0,C,B,4,1,0,ECHO,1401,4,-33.85837991,151.2136178,
7,5,7-Jan-11,59.9022266548,76,9678305,4424389,2,0,0,H,4,1,0,CHARLIE,730,1,-33.72489131,150.7215657,
7,5,7-Jan-11,68.9927445538,77,9694081,4472088,4,0,C,B,,1,0,BRAVO,435,1,-33.82518146,151.0210118,
7,5,7-Jan-11,82.8692618571,78,9695453,4471565,1,0,C,B,2,1,0,BRAVO,1081,2,-33.54853687,151.1955229,
7,5,7-Jan-11,99.3192332331,79,9658766,4375933,3,0,0,H,4,1,0,DELTA,582,3,-33.32627694,151.3877215,
8,6,8-Jan-11,106.4791274257,80,9844457,4672213,3,0,D,H,4,1,0,BRAVO,677,1,-33.71161674,151.1157562,
8,6,8-Jan-11,105.3365803137,81,9680833,4440545,2,0,C,B,1,1,0,BRAVO,878,3,-33.83635854,151.0879715,
8,6,8-Jan-11,188.7617527694,82,9689172,4459104,1,0,C,B,1,1,0,BRAVO,758,3,-33.86124225,151.2090689,
8,6,8-Jan-11,84.8653084133,83,9680728,4416410,3,0,C,B,1,1,0,ECHO,1114,6,-32.93825598,151.5466224,
8,6,8-Jan-11,116.8782179896,84,9699316,4475788,1,0,B,B,4,1,0,BRAVO,705,3,-33.81206077,151.1767034,
8,6,8-Jan-11,73.5208512377,85,9690398,4440071,1,0,D,H,1,1,0,BRAVO,971,4,-33.94473385,151.1869071,
8,6,8-Jan-11,34.9454551283,86,9689584,4468559,2,0,C,B,1,1,0,BRAVO,561,2,-33.91752365,151.2117146,
8,6,8-Jan-11,67.3508951813,87,9689025,4418187,1,0,C,B,1,1,0,ECHO,469,4,-33.81298882,150.9584928,
8,6,8-Jan-11,52.9727633018,88,9689024,4425077,1,0,C,B,,1,0,SHB,527,2,-33.43856693,151.2192743,
8,6,8-Jan-11,137.843189016,89,9689530,4423852,2,0,V,A,2,1,0,SHB,1152,2,-33.53650977,151.1994539,
8,6,8-Jan-11,110.9989105444,90,9679853,4423882,3,0,F,H,1,1,0,ALPHA,1088,2,-33.74751259,151.0491921,
8,6,8-Jan-11,121.1324430536,91,9675328,4434355,3,0,D,H,4,1,0,BRAVO,1107,1,-33.76251406,150.6404246,
8,6,8-Jan-11,29.2463404965,92,9681065,4441341,4,0,D,H,4,1,0,BRAVO,654,2,-33.78822379,150.8068044,
9,7,9-Jan-11,106.3207964599,93,9684422,4415341,2,0,C,A,1,1,0,SHB,1218,1,-33.84458184,151.1500795,
9,7,9-Jan-11,174.5639599673,94,9676265,4425428,4,0,C,B,4,1,0,ALPHA,727,3,-32.81618231,151.6780932,
9,7,9-Jan-11,199.5775971748,95,9669391,4426171,2,0,B,B,1,1,0,CHARLIE,355,3,-33.394375,151.2973648,
9,7,9-Jan-11,98.7864752766,96,9662226,4436905,2,0,T,B,1,1,0,CHARLIE,663,2,-33.93255035,151.1891053,
9,7,9-Jan-11,134.4868424721,97,9668521,4402459,2,0,0,B,1,1,0,DELTA,133,3,-33.65911883,151.1313496,
9,7,9-Jan-11,119.3349992391,98,9737539,4538269,4,0,0,A,5,1,0,BRAVO,900,3,-33.54853687,151.1955229,
9,7,9-Jan-11,28.8347820938,99,9689012,4421145,1,0,B,B,4,1,0,CBD,814,1,-33.87015981,151.1890274,
9,7,9-Jan-11,49.2146013118,100,9685182,4451104,2,0,0,B,,1,0,BRAVO,694,2,-33.83410793,151.0267694,
9,7,9-Jan-11,37.2073168121,101,9692578,4472295,1,0,D,H,1,1,0,BRAVO,1086,3,-33.49457574,151.1868227,
9,7,9-Jan-11,157.4279025756,102,9687141,4423516,2,0,C,B,1,1,0,SHB,1130,5,-33.76503021,151.205171,
9,7,9-Jan-11,80.86196905,103,9634434,4438965,4,0,U,B,4,1,0,CHARLIE,1060,1,-32.9255862,151.7188501,
9,7,9-Jan-11,89.7769585811,104,9682452,4433712,4,0,T,H,4,1,0,ECHO,848,3,-33.71887672,151.1135914,
9,7,9-Jan-11,91.2078019232,105,9669473,4428925,4,0,C,B,5,1,0,CHARLIE,1063,3,-32.81618231,151.6780932,
10,1,10-Jan-11,128.6147914082,106,9689172,4459104,4,0,C,B,,1,0,BRAVO,644,2,-33.88687754,151.0640423,
10,1,10-Jan-11,131.6770063248,107,9629288,4313676,3,0,F,H,4,1,0,DELTA,1291,3,-33.22300845,151.4313615,
10,1,10-Jan-11,162.4654325843,108,9938588,4968752,1,0,T,H,4,1,0,BRAVO,505,2,-33.80531144,150.9155138,
9,7,9-Jan-11,29.9767342582,109,9668093,4417706,3,0,U,H,1,1,0,ALPHA,632,3,-33.83911406,151.1444837,
10,1,10-Jan-11,23.6378325615,110,9698666,4471893,1,0,C,B,1,1,0,BRAVO,1098,3,-33.85035508,151.2132404,
10,1,10-Jan-11,198.0724799447,111,9682428,4423417,2,0,C,B,4,1,0,ALPHA,1306,3,-33.65911883,151.1313496,
10,1,10-Jan-11,114.4685090054,112,9688169,4416241,3,0,D,H,1,1,0,ECHO,753,5,-34.87985924,150.6045617,
10,1,10-Jan-11,169.9725359678,113,9684530,4430383,1,0,0,A,2,1,0,ECHO,1060,1,-33.43168482,151.2232622,
10,1,10-Jan-11,131.911473386,114,9652164,4433942,4,0,0,H,4,1,0,CHARLIE,518,2,-32.98733037,151.5193913,
10,1,10-Jan-11,50.0167255569,115,9689172,4459104,4,0,0,H,4,1,0,BRAVO,1333,3,-33.06855887,151.47812,
10,1,10-Jan-11,61.1629514769,116,9672737,4420004,2,0,T,B,4,1,0,ALPHA,659,3,-28.67281108,153.5238784,
10,1,10-Jan-11,25.2861312218,117,9685886,4423631,4,0,C,B,1,1,0,SHB,871,4,-33.46312971,151.1958678,
10,1,10-Jan-11,131.7822543625,118,9687141,4423516,2,0,0,H,4,1,0,SHB,930,3,-33.54853687,151.1955229,
10,1,10-Jan-11,188.9915200137,119,9688309,4421682,1,0,U,H,4,1,0,CBD,348,3,-33.87953453,151.1242767,
10,1,10-Jan-11,84.8532584216,120,9721885,4519977,2,0,D,H,4,1,0,BRAVO,765,1,-33.75814971,150.9142721,
10,1,10-Jan-11,182.3350821529,121,9728502,4529904,4,0,D,H,4,1,0,BRAVO,615,3,-33.86460237,151.0891888,
10,1,10-Jan-11,72.5395669136,122,9691866,4471191,3,0,C,B,4,1,0,BRAVO,547,3,-33.43183937,151.2711633,
10,1,10-Jan-11,131.3291818183,123,9617809,4462281,1,0,D,H,4,1,0,CHARLIE,673,1,-33.94148147,151.0451291,
10,1,10-Jan-11,132.0098913461,124,9673084,4427617,3,0,D,H,4,1,0,CHARLIE,59,3,-33.54853687,151.1955229,
